Workbook

Sheet А3
B1: Карточка А3. Утверждено решением Совета директоров 11.08.2023 г.
B2: ПРОЕКТ А3 | C2: Улучшение процессов | E2: Название проекта: | F2: Автоматизация нормирования трудозатрат на производственные операции | M2: Дата начала: 01.03.2026 г. | N2: Дата окончания: 30.06.2026 г.
C3: Присваивается Проектным офисом | D3: Присваивается Проектным офисом
C4: Заказчик: | D4: Генеральный директор ООО «Технопарк Импульс» | E4: Виноградов И.А. | K4: Генеральный директор | M4: Трудозатраты: 80 чел./дн. | N4: Бюджет: 350 000 руб.
C5: Исполнитель (СБЕ, подразделение): | D5: Управление качеством | F5: Узун Л.И. (ведущий разработчик), Егоров П.А. (бизнес-аналитик), Ванюков В. (инженер-конструктор)
B6: ОПИСАНИЕ ПРОБЛЕМНОЙ СИТУАЦИИ (как есть) | H6: ПРЕДЛАГАЕМЫЕ РЕШЕНИЯ
B7: На предприятии ООО «Технопарк Импульс» нормирование трудозатрат на производственные операции выполняется вручную. Основные проблемы: • Расчёт норм (t_шт, t_пз) на одно изделие занимает 2–4 часа • Результат зависит от квалификации и опыта конкретного нормировщика • Отсутствует единая структурированная база типовых маршрутов • При ручном расчёте возникают ошибки в 15–20% случаев • Нет автоматической проверки соответствия норм требованиям ГОСТ • Длительный цикл «чертёж → нормы» замедляет запуск изделий в производство | H7: Разработка веб-приложения для автоматического расчёта норм времени с использованием технологий ИИ (Claude AI). Ключевые решения: • Конвейер из 6 этапов: извлечение фактов → фильтрация маршрутов → выбор маршрута → подбор оборудования → расчёт норм → валидация • Код управляет процессом, ИИ помогает на узких этапах (анализ чертежа, расчёт) • Каталог 236 типовых маршрутов и 254 единиц оборудования • Двухуровневый кэш (память + SQLite) для ускорения повторных запросов • Автоматическая проверка результатов по правилам и ГОСТ
B8: ЦЕЛИ ПРОЕКТА (как должно быть) | H8: ЭФФЕКТ ОТ РЕАЛИЗАЦИИ ПРОЕКТА
B9: 1. Сократить время нормирования одного изделия с 2–4 часов до 15–30 минут 2. Снизить долю ошибок в расчёте норм с 15–20% до менее 5% 3. Создать единую базу типовых маршрутов (236 маршрутов) и оборудования (254 ед.) 4. Обеспечить автоматическую валидацию результатов по ГОСТ 5. Обеспечить два режима работы: с готовой маршрутной картой и автоподбор маршрута | H9: Параметр | J9: Качественная оценка | K9: Описание
H10: Увеличение прибыли | J10: Высокая | K10: Ускорение запуска изделий в производство за счёт сокращения цикла нормирования в 5–8 раз
H11: Снижение затрат | J11: Высокая | K11: Сокращение трудозатрат на нормирование: с 2–4 ч до 15–30 мин на изделие. Высвобождение ресурса нормировщиков
H12: Снижение рисков | J12: Средняя | K12: Снижение доли ошибок при расчёте норм с 15–20% до менее 5%. Автоматическая валидация по ГОСТ
H13: Дополнительная информация: система поддерживает анализ чертежей в PDF, формирование замечаний по ГОСТ, хранение истории расчётов
B14: Оценка рисков проекта | H14: ПЛАН МЕРОПРИЯТИЙ
B15: Возможный риск | C15: Возможные последствия проблемы/влияние на результат | D15: Степень влияния на результат | E15: Вероятность возникновения | F15: Сложность обнаружения | G15: Степень риска | H15: № | I15: Мероприятие | K15: Ответственный | L15: Начало | M15: Окончание | N15: Результат
B16: Недостаточная точность расчётов ИИ | C16: Некорректные нормы → перерасход или недозагрузка производства | D16: Высокая | E16: Средняя | F16: Низкая | G16: Высокая | H16: 1 | I16: Анализ текущего процесса нормирования | K16: Егоров П.А. | L16: 01.03.2026 | M16: 14.03.2026 | N16: Отчёт об обследовании
B17: Неполнота базы типовых маршрутов | C17: Невозможность автоматического нормирования нетиповых изделий | D17: Средняя | E17: Средняя | F17: Низкая | G17: Средняя | H17: 2 | I17: Сбор и структурирование типовых маршрутов (236 шт.) | K17: Ванюков В. | L17: 01.03.2026 | M17: 21.03.2026 | N17: База маршрутов в Excel
B18: Сопротивление персонала | C18: Отказ нормировщиков от использования системы | D18: Высокая | E18: Средняя | F18: Высокая | G18: Средняя | H18: 3 | I18: Формирование базы оборудования (254 ед.) | K18: Ванюков В. | L18: 07.03.2026 | M18: 28.03.2026 | N18: База оборудования в Excel
B19: Изменение требований ГОСТ | C19: Необходимость доработки правил валидации | D19: Средняя | E19: Низкая | F19: Средняя | G19: Низкая | H19: 4 | I19: Разработка архитектуры приложения | K19: Узун Л.И. | L19: 10.03.2026 | M19: 21.03.2026 | N19: Архитектура утверждена
H20: 5 | I20: Разработка конвейера обработки (6 этапов) | K20: Узун Л.И. | L20: 22.03.2026 | M20: 18.04.2026 | N20: Рабочий конвейер
H21: 6 | I21: Интеграция с ИИ (Claude AI) | K21: Узун Л.И. | L21: 01.04.2026 | M21: 18.04.2026 | N21: Промпты настроены
H22: 7 | I22: Разработка веб-интерфейса | K22: Узун Л.И. | L22: 13.04.2026 | M22: 30.04.2026 | N22: Веб-приложение
B23: Оценка показателей текущего состояния и определение целевых значений | H23: 8 | I23: Тестирование на реальных чертежах | K23: Егоров П.А. | L23: 01.05.2026 | M23: 22.05.2026 | N23: Протокол тестирования
B24: Показатель | D24: Период | E24: Текущее значение | F24: Требуемое значение | G24: Ответственный | H24: 9 | I24: Валидация результатов с нормировщиками | K24: Виноградов И.А. | L24: 11.05.2026 | M24: 29.05.2026 | N24: Акт валидации
B25: Время нормирования одного изделия | D25: Март 2026 | E25: 2–4 часа | F25: 15–30 мин | G25: Узун Л.И. | H25: 10 | I25: Доработка по результатам тестирования | K25: Узун Л.И. | L25: 18.05.2026 | M25: 05.06.2026 | N25: Исправления внесены
B26: Доля ошибок в расчёте норм | D26: Март 2026 | E26: 15–20% | F26: Менее 5% | G26: Егоров П.А. | H26: 11 | I26: Обучение пользователей | K26: Егоров П.А. | L26: 01.06.2026 | M26: 12.06.2026 | N26: Журнал обучения
B27: Охват типовых маршрутов в базе | D27: Март 2026 | E27: 0 (ручной подбор) | F27: 236 маршрутов | G27: Ванюков В. | H27: 12 | I27: Ввод в опытную эксплуатацию | K27: Виноградов И.А. | L27: 15.06.2026 | M27: 30.06.2026 | N27: Приказ о вводе
B28: АНАЛИЗ ПРОБЛЕМЫ | H28: РЕЗУЛЬТАТЫ ПРОЕКТА
B29: КОРНЕВЫЕ ПРИЧИНЫ: 1. Отсутствие цифровых инструментов нормирования → Нормировщики работают с бумажными справочниками и калькулятором 2. Нет единой базы типовых технологических маршрутов → Каждый нормировщик подбирает маршрут по личному опыту 3. Ручной подбор оборудования и режимов обработки → Трудоёмкий процесс, зависящий от квалификации сотрудника 4. Отсутствие автоматической проверки результатов → Ошибки обнаруживаются только на этапе производства 5. Нет преемственности знаний → При уходе опытного нормировщика теряется экспертиза | H29: Проект может считаться успешно завершённым при выполнении следующих условий: 1. Веб-приложение развёрнуто и доступно пользователям на порту 5050 2. База содержит не менее 236 типовых маршрутов и 254 единицы оборудования 3. Время расчёта норм для одного изделия не превышает 30 минут 4. Система работает в двух режимах: с маршрутной картой и автоподбор 5. Реализована автоматическая валидация результатов по ГОСТ 6. Проведено обучение не менее 3 сотрудников 7. Результаты валидации подтверждены нормировщиками предприятия
H30: ПОКАЗАТЕЛИ ЭФФЕКТИВНОСТИ ПРОЕКТА
H31: Показатель | K31: План | L31: Факт | M31: Отклонение | N31: Степень удовлетворённости
H32: Сроки (разница в календарных днях) | K32: 01.03–30.06.2026
H33: Стоимость (разница в рублях) | K33: 350 000
H34: Трудозатрат, чел./дн. | K34: 80
H35: Качество (все ли целевые показатели достигнуты) | K35: Да
H36: ИТОГО:
B37: ПРОЕКТ ОДОБРЕН | H37: ПРОЕКТ ПРИНЯТ
B39: подпись | C39: Ф.И.О. | E39: дата | H39: подпись | J39: Ф.И.О. | L39: дата

Sheet Ресурсы
B2: Ресурсный план
B4: Проект: | C4: =А3!F2 -> Автоматизация нормирования трудозатрат на производственные операции
B5: Шифр: | C5: =А3!D3 -> Присваивается Проектным офисом
B7: № | C7: Задача | D7: Сроки выполнения | F7: Гант (мес.) | R7: Ресурсы (чел./дн.)
D8: Начало | E8: Окончание | F8: 45292 | G8: 45323 | H8: 45352 | I8: 45383 | J8: 45413 | K8: 45444 | L8: 45474 | M8: 45505 | N8: 45536 | O8: 45566 | P8: 45597 | Q8: 45627 | R8: Руководитель проекта
B9: =ROW()-8 -> 1 | C9: =А3!I16 -> Анализ текущего процесса нормирования | D9: =А3!L16 -> 01.03.2026 | E9: =А3!M16 -> 14.03.2026
B10: =ROW()-8 -> 2 | C10: =А3!I17 -> Сбор и структурирование типовых маршрутов (236 шт.) | D10: =А3!L17 -> 01.03.2026 | E10: =А3!M17 -> 21.03.2026
B11: =ROW()-8 -> 3 | C11: =А3!I18 -> Формирование базы оборудования (254 ед.) | D11: =А3!L18 -> 07.03.2026 | E11: =А3!M18 -> 28.03.2026
B12: =ROW()-8 -> 4 | C12: =А3!I19 -> Разработка архитектуры приложения | D12: =А3!L19 -> 10.03.2026 | E12: =А3!M19 -> 21.03.2026
B13: =ROW()-8 -> 5 | C13: =А3!I20 -> Разработка конвейера обработки (6 этапов) | D13: =А3!L20 -> 22.03.2026 | E13: =А3!M20 -> 18.04.2026
B14: =ROW()-8 -> 6 | C14: =А3!I21 -> Интеграция с ИИ (Claude AI) | D14: =А3!L21 -> 01.04.2026 | E14: =А3!M21 -> 18.04.2026
B15: =ROW()-8 -> 7 | C15: =А3!I22 -> Разработка веб-интерфейса | D15: =А3!L22 -> 13.04.2026 | E15: =А3!M22 -> 30.04.2026
B16: =ROW()-8 -> 8 | C16: =А3!I23 -> Тестирование на реальных чертежах | D16: =А3!L23 -> 01.05.2026 | E16: =А3!M23 -> 22.05.2026
B17: =ROW()-8 -> 9 | C17: =А3!I24 -> Валидация результатов с нормировщиками | D17: =А3!L24 -> 11.05.2026 | E17: =А3!M24 -> 29.05.2026
B18: =ROW()-8 -> 10 | C18: =А3!I25 -> Доработка по результатам тестирования | D18: =А3!L25 -> 18.05.2026 | E18: =А3!M25 -> 05.06.2026
B19: =ROW()-8 -> 11 | C19: =А3!I26 -> Обучение пользователей | D19: =А3!L26 -> 01.06.2026 | E19: =А3!M26 -> 12.06.2026
B20: =ROW()-8 -> 12 | C20: =А3!I27 -> Ввод в опытную эксплуатацию | D20: =А3!L27 -> 15.06.2026 | E20: =А3!M27 -> 30.06.2026
B21: ИТОГО: | R21: =(10*12)/8 -> 15 | S21: =SUM(S9:S20) -> 0 | T21: =SUM(T9:T20) -> 0 | U21: =SUM(U9:U20) -> 0 | V21: =SUM(V9:V20) -> 0 | W21: =SUM(W9:W20) -> 0 | X21: =SUM(X9:X20) -> 0 | Y21: =SUM(Y9:Y20) -> 0 | Z21: =SUM(Z9:Z20) -> 0 | AA21: =SUM(R21:Z21) -> 15

Sheet Бюджет
B2: Бюджет проекта
B4: Проект: | C4: =А3!F2 -> Автоматизация нормирования трудозатрат на производственные операции
B5: Шифр: | C5: =А3!D3 -> Присваивается Проектным офисом
B7: № | C7: Задача | D7: Затраты, руб.
D8: Закупки, руб. | E8: Внешний исполнитель (аутсорсинг)
B9: Раздел 1 | C9: ЗАТРАТЫ ПО ЗАДАЧАМ: | D9: =SUM(D10:D21) -> 0 | E9: =SUM(E10:E21) -> 0
B10: =ROW()-9 -> 1 | C10: =А3!I16 -> Анализ текущего процесса нормирования
B11: =ROW()-9 -> 2 | C11: =А3!I17 -> Сбор и структурирование типовых маршрутов (236 шт.)
B12: =ROW()-9 -> 3 | C12: =А3!I18 -> Формирование базы оборудования (254 ед.)
B13: =ROW()-9 -> 4 | C13: =А3!I19 -> Разработка архитектуры приложения
B14: =ROW()-9 -> 5 | C14: =А3!I20 -> Разработка конвейера обработки (6 этапов)
B15: =ROW()-9 -> 6 | C15: =А3!I21 -> Интеграция с ИИ (Claude AI)
B16: =ROW()-9 -> 7 | C16: =А3!I22 -> Разработка веб-интерфейса
B17: =ROW()-9 -> 8 | C17: =А3!I23 -> Тестирование на реальных чертежах
B18: =ROW()-9 -> 9 | C18: =А3!I24 -> Валидация результатов с нормировщиками
B19: =ROW()-9 -> 10 | C19: =А3!I25 -> Доработка по результатам тестирования
B20: =ROW()-9 -> 11 | C20: =А3!I26 -> Обучение пользователей
B21: =ROW()-9 -> 12 | C21: =А3!I27 -> Ввод в опытную эксплуатацию
B22: Раздел 2 | C22: ОБЩИЕ ЗАТРАТЫ ПО ПРОЕКТУ: | D22: =SUM(D23:D25) -> 0 | E22: =SUM(E23:E25) -> 0
B23: 1
B24: 2
B25: 3
B26: ИТОГО: | D26: =D9+D22 -> 0 | E26: =E9+E22 -> 0
C27: БЮДЖЕТ ПРОЕКТА: | D27: =D26+E26 -> 0
