Workbook

Sheet Лист1
A1: Оборудование производства
A2: № п/п | B2: Наименование оборудования | C2: Цех | D2: Подразделение | E2: Операция 1 | F2: Операция 2 | G2: Операция 3
A3: 1 | B3: Установка дробеметная с рольгангами 2006 г.в, инв.№000489903/0000277 | C3: ДорИнвест | D3: Отдел сварки и сборки Серийных изделий | E3: Очистка дробеметная
A4: 2 | B4: Камера пескоструйная; Установка абразивоструйная напорного типа DSG-200 (200л, 8,3bar) | C4: ДорИнвест | D4: Отдел сварки и сборки Серийных изделий | E4: Очистка пескоструйная
A5: 3 | B5: Гидростанция для проверки | C5: ДорИнвест | D5: Отдел сварки и сборки Габаритных изделий | E5: Сборка/Разборка | F5: Испытание
A6: 4 | B6: Маленький сверлильный станок ELITECH | C6: ДорИнвест | D6: Отдел сварки и сборки Габаритных изделий | E6: Слесарная | F6: Сверлильная
A7: 5 | B7: Аппарат сварочный HUGONG | C7: ДорИнвест | D7: Отдел сварки и сборки Серийных изделий | E7: Сварка полуавтоматическая | F7: Прихватка
A8: 6 | B8: Аппарат сварочный ESAB Aristo Mig 5000iw зав.№941-109-0577, Польша, инв. №000769849 | C8: ДорИнвест | D8: Отдел сварки и сборки Серийных изделий | E8: Сварка полуавтоматическая | F8: Прихватка
A9: 7 | B9: Аппарат сварочный ESAB Warrior Feed 304w зав.№512-903-6840, 2019 г.в., инв.№000577318 | C9: ДорИнвест | D9: Отдел сварки и сборки Серийных изделий | E9: Сварка полуавтоматическая | F9: Прихватка
A10: 8 | B10: Сварочный позиционер ESSAB 750 AHMA, зав.№A9596, инв.№000346381 | C10: ДорИнвест | D10: Отдел сварки и сборки Серийных изделий | E10: Сварка полуавтоматическая | F10: Прихватка
A11: 9 | B11: Аппарат сварочный ESAB Aristo Mig 5000iw зав.№551-805-2287, 2013 г.в., инв.№00-000290 | C11: ДорИнвест | D11: Отдел сварки и сборки Серийных изделий | E11: Сварка полуавтоматическая | F11: Прихватка
A12: 10 | B12: Аппарат сварочный ESAB Warrior Feed 304w зав.№540-841-0038 | C12: ДорИнвест | D12: Отдел сварки и сборки Габаритных изделий | E12: Сварка полуавтоматическая | F12: Прихватка
A13: 11 | B13: Аппарат сварочный LINCOLN ELECTRIC LF 35, СМ-505, зав.№P1111100181, 2015 г.в., инв.№000313377/002058 | C13: ДорИнвест | D13: Отдел сварки и сборки Габаритных изделий | E13: Сварка полуавтоматическая | F13: Прихватка
A14: 12 | B14: Аппарат сварочный ESAB Aristo Mig 5000iw зав.№950-845-0205, 2019 г.в., инв.№000580690 | C14: ДорИнвест | D14: Отдел сварки и сборки Габаритных изделий | E14: Сварка полуавтоматическая | F14: Прихватка
A15: 13 | B15: Аппарат сварочный LINCOLN ELECTRIC СМ-505, СМ-505, зав.№P112010346, 2012 г.в., инв.№000128546 | C15: ДорИнвест | D15: Отдел сварки и сборки Габаритных изделий | E15: Сварка полуавтоматическая | F15: Прихватка
A16: 14 | B16: Аппарат сварочный ESAB Aristo Mig 5000iw зав.№950-626-0114, 2018 г.в., инв.№000551316 | C16: ДорИнвест | D16: Отдел сварки и сборки Габаритных изделий | E16: Сварка полуавтоматическая | F16: Прихватка
A17: 15 | B17: Сварочный позиционер ESSAB 7000 AHMA, зав.№A9268, 2001 г.в., инв.№000150557 | C17: ДорИнвест | D17: Отдел сварки и сборки Габаритных изделий | E17: Сварка полуавтоматическая | F17: Прихватка
A18: 16 | B18: Пост Зачистки: маленький сварочный ESSAB EMP 255ic, зав.№735-836-0014 | C18: ДорИнвест | D18: Отдел сварки и сборки Габаритных изделий | E18: Зачистка
A19: 17 | B19: Станок горизонтально-расточной 2А622Ф4 зав.№351, 1979 г.в., инв.№000001932 | C19: ДорИнвест | D19: Отдел сварки и сборки Габаритных изделий | E19: Расточная
A20: 18 | B20: Аппарат сварочный TransSteel 5000, зав.№20122231, 2018 г.в., инв.№000070173/000130 | C20: ДорИнвест | D20: Отдел сварки и сборки Габаритных изделий | E20: Сварка полуавтоматическая | F20: Прихватка
A21: 19 | B21: Машина газокислородной и плазменной резки MultiTherm 4600, зав. № 286.001.933, 2021 г.в., Германия, инв. № 000743883 | C21: 1 | D21: Отдел заготовка | E21: Газо-плазменная резка | F21: Газо-плазменная резка (стандарт)
A22: 20 | B22: Установка лазерной резки листовых металлов, тип LC Master Direct FO6020-6.0, Россия инв. №001121359 | C22: 1 | D22: Отдел заготовка | E22: Лазерная резка
A23: 21 | B23: Установка лазерной резки листовых металлов, LC Professional-M2, зав. № FO6020-10.0-2053, 2024 г.в. | C23: 1 | D23: Отдел заготовка | E23: Лазерная резка
A24: 22 | B24: Машина газокислородной и плазменной резки MetalMaster 284.001.467 | C24: 1 | D24: Отдел заготовка | E24: Газо-плазменная резка | F24: Газо-плазменная резка (стандарт)
A25: 23 | B25: Машина газоплазменная Кристалл 2,5, 2008 г.в., инв.№000198664 | C25: 1 | D25: Отдел заготовка | E25: Газо-плазменная резка | F25: Газо-плазменная резка (стандарт)
A26: 24 | B26: Станок кромкофрезерный SMB-17C на раме, зав.№PB140510, 2014 г.в., инв.№000352635 | C26: 1 | D26: Отдел заготовка | E26: Слесарная | F26: Фаска (фрезерование)
A27: 25 | B27: Станок кромкофрезерный СН-26 CHALLENGE, зав.№706, 2001 г.в., инв.№000254184 | C27: 1 | D27: Отдел заготовка | E27: Слесарная | F27: Фаска (фрезерование)
A28: 26 | B28: Станок кромкофрезерный XBJ-4 №230409, 2023 г.в., инв.№000958769 | C28: 1 | D28: Отдел заготовка | E28: Слесарная | F28: Фаска (фрезерование)
A29: 27 | B29: Станок кромкорез Wellnit PB-60L зав.№2020082507020-135, инв.№000785390 | C29: 1 | D29: Отдел заготовка | E29: Слесарная | F29: Фаска (фрезерование)
A30: 28 | B30: Станок ленточно-шлифовальный GI150 зав.№2022NKO-001-01-06 инв.№001022328 г.в.2022 | C30: 1 | D30: Отдел заготовка | E30: Слесарная
A31: 29 | B31: Станок ленточно-шлифовальный GIS150 зав.№021231, 2019 г.в., инв.№000625884 | C31: 1 | D31: Отдел заготовка | E31: Слесарная
A32: 30 | B32: Станок ленточно-шлифовальный GI150 зав.№2022NKO-001-01-16 инв.№001022327 г.в.2022 | C32: 1 | D32: Отдел заготовка | E32: Слесарная | F32: Слесарная
A33: 31 | B33: Аппарат сварочный Migatronic КМХ 550 зав.№ 273234 инв.№000024295 | C33: 1 | D33: Отдел заготовка | E33: Прихватка
A34: 32 | B34: Пресс-ножницы IW175 (HKM–175) | C34: 1 | D34: Отдел заготовка | E34: Слесарная
A35: 33 | B35: Станок вертикально-сверлильный 2Н150 зав.№1070, 1973 г.в. | C35: 1 | D35: Отдел заготовка | E35: Сверлильная
A36: 34 | B36: Станок вертикально-сверлильный 2Н150 зав.№6741 | C36: 1 | D36: Отдел заготовка | E36: Сверлильная
A37: 35 | B37: Газовый резак №1 | C37: 1 | D37: Отдел заготовка | E37: Фаска (газо-плазменная резка) | F37: Газо-плазменная резка (ручная)
A38: 36 | B38: Газовый резак №2 | C38: 1 | D38: Отдел заготовка | E38: Фаска (газо-плазменная резка) | F38: Газо-плазменная резка (ручная)
A39: 37 | B39: Газовый резак №3 | C39: 1 | D39: Отдел заготовка | E39: Фаска (газо-плазменная резка) | F39: Газо-плазменная резка (ручная)
A40: 38 | B40: Станок ленточнопильный Н-360НА зав.№15888, 2007 г.в., инв.№000024315 | C40: 1 | D40: Отдел заготовка | E40: Ленточно-отрезная
A41: 39 | B41: Станок ленточнопильный Н-360НА зав.№15905, 2007 г.в., инв.№000024314 | C41: 1 | D41: Отдел заготовка | E41: Ленточно-отрезная
A42: 40 | B42: Станок ленточнопильный Н-360НАNC зав.№151979, 2018 г.в., инв.№000504218 | C42: 1 | D42: Отдел заготовка | E42: Ленточно-отрезная
A43: 41 | B43: Пресс гидравлический 3-х валковый листогибочный "ROUNDO" AB PS360 зав.№017424, 2001 г.в., инв.№000236262 | C43: 1 | D43: Отдел заготовка | E43: Вальцовка
A44: 42 | B44: Пресс листогибочный ERMAKSAN SPEED-BEND 4100-600 зав.№14121-D7J8L4, 2013 г.в., инв.№000228108 | C44: 1 | D44: Отдел заготовка | E44: Гибка
A45: 43 | B45: Пресс листогибочный ERMAKSAN SPEED-BEND 4100-220 зав.№15183-W9N4X0, 2013 г.в., инв.№000697351 | C45: 1 | D45: Отдел заготовка | E45: Гибка
A46: 44 | B46: Пресс гидравлический 2-х стоечный винтовой П-125 зав.№1195, 1974 г.в., инв.№000007375, | C46: 1 | D46: Отдел заготовка | E46: Гибка
A47: 45 | B47: Пресс PYЕ100 гидравлический зав.№042009/95, 1980 г.в., инв.№000102927 | C47: 1 | D47: Отдел заготовка | E47: Рихтовка
A48: 46 | B48: Пресс PVЕ250S1 зав.№066-044/28 1988 г.в., инв.№000467607 | C48: 1 | D48: Отдел заготовка | E48: Рихтовка
A49: 47 | B49: Пресс для производства шнековой спирали ГП-60Т инв.№000511269 | C49: 1 | D49: Отдел заготовка | E49: Гибка
A50: 48 | B50: Станок с ЧПУ ГП-100Т, зав. № 0171, 2023 г.в., Россия | C50: 1 | D50: Отдел заготовка | E50: Гибка
A51: 49 | B51: Станок фрезеровочный с ЧПУ SVB1270 зав.№230520303 | C51: 1 | D51: Отдел заготовка | E51: Фрезерная с ЧПУ
... A65: 63 | B65: Станок для наплавки | C65: 1 | D65: Отдел сварки и сборки Габаритных изделий | E65: Наплавка
A66: 64 | B66: Установка ручной плазменной резки LaserCut FO3015 4.0 Master, зав. № FO3015-4.0-927, 2021 г.в. | C66: 1 | D66: Отдел сварки и сборки Габаритных изделий | E66: Газо-плазменная резка (ручная) | F66: Слесарная
A67: 65 | B67: Аппарат сварочный CASTOMIG 5000DS зав.№253-411-32, 2016 г.в., инв.№000655310 Германия | C67: 1 | D67: Отдел сварки и сборки Габаритных изделий | E67: Сварка полуавтоматическая | F67: Прихватка
A68: 66 | B68: Аппарат сварочный CUT160 (J47) зав.№15111970 г.в 2016г инв.№000642170 Россия | C68: 1 | D68: Отдел сварки и сборки Габаритных изделий | E68: Сварка полуавтоматическая | F68: Прихватка
A69: 67 | B69: Аппарат сварочный ESAB Aristo Mig 5000iw зав.№950-642-0463, 2017 г.в., инв.№000654808 Польша | C69: 1 | D69: Отдел сварки и сборки Габаритных изделий | E69: Сварка полуавтоматическая | F69: Прихватка
A70: 68 | B70: Аппарат сварочный ESAB Aristo Mig 5000iw зав.№950-837-0693, 2018 г.в., инв.№000654883 Польша | C70: 1 | D70: Отдел сварки и сборки Габаритных изделий | E70: Сварка полуавтоматическая | F70: Прихватка
A71: 69 | B71: Аппарат сварочный Miller | C71: 1 | D71: Отдел сварки и сборки Габаритных изделий | E71: Сварка полуавтоматическая | F71: Прихватка | G71: Наплавка
A72: 70 | B72: Аппарат сварочный | C72: 1 | D72: Отдел сварки и сборки Габаритных изделий | E72: Сварка полуавтоматическая | F72: Прихватка
A73: 71 | B73: Аппарат сварочный ESAB | C73: 1 | D73: Отдел сварки и сборки Габаритных изделий | E73: Сварка полуавтоматическая | F73: Прихватка
A74: 72 | B74: Аппарат сварочный ESA | C74: 1 | D74: Отдел сварки и сборки Габаритных изделий | E74: Сварка полуавтоматическая | F74: Прихватка
A75: 73 | B75: Позиционер сварочный ATTA-HBJ-06 (грузоподъемность 600 кг, диаметр планшайбы 1000 мм) | C75: 1 | D75: Отдел сварки и сборки Габаритных изделий | E75: Сварка полуавтоматическая | F75: Прихватка
A76: 74 | B76: Позиционер сварочный ATTA-HBJ-06 (грузоподъемность 600 кг, диаметр планшайбы 1000 мм) | C76: 1 | D76: Отдел сварки и сборки Габаритных изделий | E76: Сварка полуавтоматическая | F76: Прихватка
A77: 75 | B77: Установка ручной плазменной резки | C77: 1 | D77: Отдел сварки и сборки Габаритных изделий | E77: Газо-плазменная резка (ручная) | F77: Слесарная
A78: 76 | B78: Аппарат сварочный ESA | C78: 1 | D78: Отдел сварки и сборки Габаритных изделий | E78: Сварка полуавтоматическая | F78: Прихватка
A79: 77 | B79: Аппарат сварочный ESA | C79: 1 | D79: Отдел сварки и сборки Габаритных изделий | E79: Сварка полуавтоматическая | F79: Прихватка
A80: 78 | B80: Станок токарно-винторезный 16К20 зав.№17678, 1975 г.в., инв.№000470136 | C80: 2 | D80: Отдел механической обработки серийной продукции | E80: Токарная
A81: 79 | B81: Станок токарно-винторезный 16К20П зав.№03664, 1982 г.в., инв.№000504327 | C81: 2 | D81: Отдел механической обработки серийной продукции | E81: Токарная
A82: 80 | B82: Станок токарно-винторезный 16К20 | C82: 2 | D82: Отдел механической обработки серийной продукции | E82: Токарная
A83: 81 | B83: Станок токарный с ЧПУ 16Р25Ф3 1000, зав. № 311024, 2024 г.в., Россия, инв. № 001078760 | C83: 2 | D83: Отдел механической обработки серийной продукции | E83: Токарная с ЧПУ
A84: 82 | B84: Станок токарный с ЧПУ 16Р25Ф3 1000, зав. № 311124, 2024 г.в., Россия, инв. № 001145384 | C84: 2 | D84: Отдел механической обработки серийной продукции | E84: Токарная с ЧПУ
A85: 83 | B85: Станок токарный с ЧПУ 16Р25Ф3 1000, зав. № 311224, 2024 г.в., Россия, инв. № 001145385 | C85: 2 | D85: Отдел механической обработки серийной продукции | E85: Токарная с ЧПУ
A86: 84 | B86: Станок горизонтальный токарный центр с ЧПУ GT2100, зав. № ML0228-002934, 2021 г.в., инв.№000904851 | C86: 2 | D86: Отдел механической обработки серийной продукции | E86: Токарная с ЧПУ
A87: 85 | B87: Станок токарный TAKISAWA LA-250M с ЧПУ Fanuc зав.№CRO1HM0056, 2017 г.в., инв.№000511955/000345 | C87: 2 | D87: Отдел механической обработки серийной продукции | E87: Токарная с ЧПУ
A88: 86 | B88: Станок радиально-сверлильный 2К52 зав.№4555, 1980 г.в., инв.№000519602 | C88: 2 | D88: Отдел механической обработки серийной продукции | E88: Сверлильная | F88: Слесарная
A89: 87 | B89: Станок радиально-сверлильный 2М55 зав.№9623, 1971 г.в., инв.№000956322 | C89: 2 | D89: Отдел механической обработки серийной продукции | E89: Сверлильная | F89: Слесарная
A90: 88 | B90: Станок токарно винторезный СТ16К20 зав.№ 0821001183, 2021 г.в., Россия, инв.№ 000799033 | C90: 2 | D90: Отдел механической обработки серийной продукции | E90: Токарная
A91: 89 | B91: Станок токарно-винторезный 1В62Г зав.№160669, 1984 г.в., инв.№000148960 | C91: 2 | D91: Отдел механической обработки серийной продукции | E91: Токарная
A92: 90 | B92: Станок токарно-винторезный 16К20 зав.№149199, 1983 г.в., инв.№000025388 | C92: 2 | D92: Отдел механической обработки серийной продукции | E92: Токарная
A93: 91 | B93: Станок токарно-винторезный 16Б20-П зав.№48363, 1977 г.в., инв.№000102134 | C93: 2 | D93: Отдел механической обработки серийной продукции | E93: Токарная
A94: 92 | B94: Станок токарно-винторезный МК6056 зав.№05123, 2005 г.в., инв.№000490290 | C94: 2 | D94: Отдел механической обработки серийной продукции | E94: Токарная
A95: 93 | B95: Станок токарно-винторезный 1К62Д зав.№5369, 1989 г.в., инв.№000025381 | C95: 2 | D95: Отдел механической обработки серийной продукции | E95: Токарная
A96: 94 | B96: Станок токарно-винторезный МК6056 зав.№230228, 1993 г.в., инв.№000504328 | C96: 2 | D96: Отдел механической обработки серийной продукции | E96: Токарная
A97: 95 | B97: Станок токарно-винторезный 1М63МН зав.№3641, 1999 г.в., инв.№000209012/000232 | C97: 2 | D97: Отдел механической обработки серийной продукции | E97: Токарная
A98: 96 | B98: Токарный обрабатывающий центр Sino SHL60B-500, 2023 г.в, зав. №. 2360B06111 | C98: 2 | D98: Отдел механической обработки серийной продукции | E98: Токарная с ЧПУ
A99: 97 | B99: Станок вертикально-фрезерный Doosan Mynx 650/50 с ЧПУ Fanuc 21 зав.№AV631436, 2008 г.в., инв.№000058457 | C99: 2 | D99: Отдел механической обработки серийной продукции | E99: Фрезерная с ЧПУ
A100: 98 | B100: Станок вертикально-фрезерный Doosan Mynx 540 с ЧПУ Fanuc 21 зав.№AV5E2946, 2007 г.в., инв.№000530911 | C100: 2 | D100: Отдел механической обработки серийной продукции | E100: Фрезерная с ЧПУ
A101: 99 | B101: Станок токарный Doosan Puma 280LM с ЧПУ Fanuc 21 зав.№P28LM0267, 2007 г.в., инв.№000530919/000396 | C101: 2 | D101: Отдел механической обработки серийной продукции | E101: Токарная с ЧПУ
... A107: 105 | B107: Станок горизонтальный токарный центр с ЧПУ GT2600, сер. № ML0258-000759, инв. № GT2100H31UB02, г.в. 2017 | C107: 2 | D107: Отдел механической обработки серийной продукции | E107: Токарная с ЧПУ
A108: 106 | B108: Станок долбежный 7А420 зав.№4513, 1976 г.в., инв.№000007450/000221 | C108: 2 | D108: Отдел механической обработки серийной продукции | E108: Зубонарезная | F108: Долбежная
A109: 107 | B109: Станок зубодолбежный 5122 зав.№1825, 1983 г.в., инв.№000376368/000271 | C109: 2 | D109: Отдел механической обработки серийной продукции | E109: Зубонарезная | F109: Долбежная
A110: 108 | B110: Станок зубофрезерный КR 1000 зав.№А501, 1968 г.в., инв.№000519567 | C110: 2 | D110: Отдел механической обработки серийной продукции | E110: Зубонарезная | F110: Долбежная
A111: 109 | B111: Станок зубофрезерный Dalian DAHUI Y3150E, зав.№DH20220710ZH, 2023 г.в., Китай, инв.№001135628 | C111: 2 | D111: Отдел механической обработки серийной продукции | E111: Зубонарезная | F111: Долбежная
A112: 110 | B112: Станок зубодолбежный 5В12, зав.№3142, 1977 г.в., СССР, инв. № 001011925 | C112: 2 | D112: Отдел механической обработки серийной продукции | E112: Зубонарезная | F112: Долбежная
A113: 111 | B113: Станок долбежный KOVO HOV 45 зав.№1311530, Чехия, инв.№000985579 | C113: 2 | D113: Отдел механической обработки серийной продукции | E113: Зубонарезная | F113: Долбежная
A114: 112 | B114: Станок токарно-винторезный 16К20 (сварка труб) | C114: 2 | D114: Отдел механической обработки серийной продукции | E114: Сварка полуавтоматическая
A115: 113 | B115: Аппарат сварочный Fronius TransSteel 5000 зав.№20422229 инв.№000083945 | C115: 2 | D115: Отдел механической обработки серийной продукции | E115: Сварка полуавтоматическая
A116: 114 | B116: Установка для мойки деталей JSE-4000, зав.№011-517-0363, 2009 г.в., инв.№000166425 | C116: 2 | D116: Отдел механической обработки серийной продукции | E116: Сборка/Разборка
A117: 115 | B117: Станок вертикально-фрезерный с ЧПУ Sino KVL1361 (VMC1160B) CTS20 bar, зав.№230430233, 2023 г.в., инв.№001011752 | C117: 2 | D117: Отдел механической обработки серийной продукции | E117: Фрезерная с ЧПУ
A118: 116 | B118: Станок горизонтальный обрабатывающий центр WEIDA HMC800D зав.№23060064, 2023 г.в., Китай, инв.№000974550 | C118: 2 | D118: Отдел механической обработки серийной продукции | E118: Фрезерная с ЧПУ
...

Sheet Операции
A1: 1 | B1: Азотирование | C1: =COUNTIF(Лист1!E$3:G$256, B1) -> 2
A2: 2 | B2: Вальцовка | C2: =COUNTIF(Лист1!E$3:G$256, B2) -> 1
A3: 3 | B3: Внутришлифовальная | C3: =COUNTIF(Лист1!E$3:G$256, B3) -> 5
A4: 4 | B4: Выглаживание | C4: =COUNTIF(Лист1!E$3:G$256, B4) -> 1
A5: 5 | B5: Газо-плазменная резка | C5: =COUNTIF(Лист1!E$3:G$256, B5) -> 3
A6: 6 | B6: Газо-плазменная резка (ручная) | C6: =COUNTIF(Лист1!E$3:G$256, B6) -> 6
A7: 7 | B7: Газо-плазменная резка (стандарт) | C7: =COUNTIF(Лист1!E$3:G$256, B7) -> 3
A8: 8 | B8: Гибка | C8: =COUNTIF(Лист1!E$3:G$256, B8) -> 5
A9: 9 | B9: Долбежная | C9: =COUNTIF(Лист1!E$3:G$256, B9) -> 6
A10: 10 | B10: Закалка ТВЧ | C10: =COUNTIF(Лист1!E$3:G$256, B10) -> 1
A11: 11 | B11: Зачистка | C11: =COUNTIF(Лист1!E$3:G$256, B11) -> 1
A12: 12 | B12: Зубонарезная | C12: =COUNTIF(Лист1!E$3:G$256, B12) -> 6
... A49: 49 | B49: Электроэрозионная | C49: =COUNTIF(Лист1!E$3:G$256, B49) -> 1
